<?xml version="1.0" encoding="utf-8"?>
<extension type="module" version="3.9.18" client="site" method="upgrade">
	<name>mod_orgallery</name>
	<author>open ROOM</author>
	<creationDate>Abril 2020</creationDate>
	<authorEmail>jaume.calafat@open-room.com</authorEmail>
	<authorUrl>https://www.open-room.com</authorUrl>
	<copyright>Copyright© 2019-2020</copyright>
	<license>GNU/GPL</license>
	<version>1.4.0</version>
	<description>Módulo para la inserción de una galeria de fotos en la web. (v. 1.4.0) \n&lt;br /&gt;
	====================================================================================&lt;br /&gt;
	IMPORTANTE: Debes haber subido las fotos previamente para poder indicar &lt;br /&gt;
	la ruta a la carpeta de fotos.&lt;br /&gt;&lt;br /&gt;
	IMPORTANTE XML: Si usas XML asegurate de que tiene el formato correcto:&lt;br /&gt;
	- [ galeria ] &lt;br /&gt;
	-- [ foto ]&lt;br /&gt;
	--- [ mini ](obligatorio)[ /mini ]&lt;br /&gt;
	--- [ maxi ](obligatorio)[ /maxi ]&lt;br /&gt;
	--- [ title ](recomendado)[ /title ]&lt;br /&gt;
	--- [ xml_title ](opcional)[ /xml_title ]&lt;br /&gt;
	--- [ xml_link ](opcional)[ /xml_link ]&lt;br /&gt;
	--- [ xml_link_text ](opcional)[ /xml_link_text ]&lt;br /&gt;
	-- [ /foto ]&lt;br /&gt;
	- [ /galeria ]&lt;br /&gt;
	====================================================================================&lt;br /&gt;
	- 1.4.0: Añadimos title en las imágenes (el mismo que el alt) &lt;br /&gt;
	- 1.3.0: Añadimos posibilidad XML &lt;br /&gt;
	- 1.2.0: Se ha corregido el bug de compatibilidad que genera con la extensión DJ-WebP .&lt;br /&gt;
	- 1.1.0: Add lazy loading.&lt;br /&gt;
	- 1.0.x: Minor Code fixes.&lt;br /&gt;
	- 1.0.0: Primera versión estable sin XML.&lt;br /&gt;</description>

	<customContent />

	<files>
		<filename module="mod_orgallery">mod_orgallery.php</filename>
		<folder>tmpl</folder>
	</files>
	<languages>
		<language tag="es-ES">es-ES.mod_orgallery.ini</language>
		<language tag="es-ES">es-ES.mod_orgallery.sys.ini</language>
		<language tag="en-GB">en-GB.mod_orgallery.ini</language>
		<language tag="en-GB">en-GB.mod_orgallery.sys.ini</language>
	</languages>

	<help key="JHELP_EXTENSIONS_MODULE_MANAGER_CUSTOM_HTML" />
	<config>
		<fields name="params">
			
			<fieldset name="options" label="COM_MODULES_BASIC_FIELDSET_LABEL">
				<field
					name="prepare_content"
					type="radio"
					label="MOD_ORGALLERY_FIELD_PREPARE_CONTENT_LABEL"
					description="MOD_ORGALLERY_FIELD_PREPARE_CONTENT_DESC"
					class="btn-group btn-group-yesno"
					default="0"
					filter="integer"
					>
					<option value="1">JYES</option>
					<option value="0">JNO</option>
				</field>

				<field
					name="use_xml"
					type="radio"
					label="MOD_ORGALLERY_USAR_XML_LABEL"
					description="MOD_ORGALLERY_USAR_XML_DESC"
					class="btn-group btn-group-yesno"
					default="0"
					filter="integer"
					>
					<option value="1">JYES</option>
					<option value="0">JNO</option>
				</field>
				<field
					name="xml_file"
					type="text"
					default="default.xml"
					label="MOD_ORGALLERY_XML_FILE_LABEL"
					description="MOD_ORGALLERY_XML_FILE_DESC"
				/>
				
				<field
					name="open_subfolders"
					type="radio"
					label="MOD_ORGALLERY_CARGAR_SUBCARPETAS_LABEL"
					description="MOD_ORGALLERY_CARGAR_SUBCARPETAS_DESC"
					class="btn-group btn-group-yesno"
					default="0"
					filter="integer"
					>
					<option value="1">JYES</option>
					<option value="0">JNO</option>
				</field>
				
				<field
					name="alt_generico"
					type="text"
					default=""
					label="MOD_ORGALLERY_IMG_ALT_LABEL"
					description="MOD_ORGALLERY_IMG_ALT_DESC"
				/>
				
				<field
					name="mini_folder"
					type="text"
					default="images/"
					label="MOD_ORGALLERY_MINI_FOLDER_LABEL"
					description="MOD_ORGALLERY_MINI_FOLDER_DESC"
				/>
				<field
					name="maxi_folder"
					type="text"
					default="images/"
					label="MOD_ORGALLERY_MAX_FOLDER_LABEL"
					description="MOD_ORGALLERY_MAX_FOLDER_DESC"
				/>
				
				<field
					name="open_modal"
					type="radio"
					label="MOD_ORGALLERY_OPEN_MODAL_LABEL"
					description="MOD_ORGALLERY_OPEN_MODAL_DESC"
					class="btn-group btn-group-yesno"
					default="1"
					filter="integer"
					>
					<option value="1">JYES</option>
					<option value="0">JNO</option>
				</field>
			</fieldset>
			
			<fieldset name="advanced">
				<field
					name="layout"
					type="modulelayout"
					label="JFIELD_ALT_LAYOUT_LABEL"
					description="JFIELD_ALT_MODULE_LAYOUT_DESC"
				/>
				<field
					name="moduleclass_sfx"
					type="textarea"
					label="COM_MODULES_FIELD_MODULECLASS_SFX_LABEL"
					description="COM_MODULES_FIELD_MODULECLASS_SFX_DESC"
					rows="3"
				/>

				<field
					name="cache"
					type="list"
					label="COM_MODULES_FIELD_CACHING_LABEL"
					description="COM_MODULES_FIELD_CACHING_DESC"
					default="1"
					filter="integer"
					>
					<option value="1">JGLOBAL_USE_GLOBAL</option>
					<option value="0">COM_MODULES_FIELD_VALUE_NOCACHING</option>
				</field>

				<field
					name="cache_time"
					type="number"
					label="COM_MODULES_FIELD_CACHE_TIME_LABEL"
					description="COM_MODULES_FIELD_CACHE_TIME_DESC"
					default="900"
					filter="integer"
				/>

				<field
					name="cachemode"
					type="hidden"
					default="static"
					>
					<option value="static"></option>
				</field>
				
			</fieldset>
		</fields>
	</config>
	<updateservers>
		<server type="extension" name="Galeria OR Template">https://webprojects.open-room.com/updates/mod_orgallery/updates.xml</server>
	</updateservers>
</extension>
